"id","firstname","lastname","email","salary"
"1","Hannah","Keeling","Hannah.Keeling@gmail.com","4"
"2","Travis","Klein","Travis91@hotmail.com","-3"
"3","Raul","Gerhold","Raul86@hotmail.com","1"
"4","Nicholas","Tremblay","Nicholas.Tremblay@gmail.com","-4"
"5","Thelma","Adams","Thelma_Adams@yahoo.com","0"
"6","Danny","Windler","Danny_Windler@hotmail.com","-2"
"7","Toby","Kozey","Toby_Kozey67@gmail.com","-2"
"8","Rose","Parker","Rose_Parker25@gmail.com","0"
"9","Willie","Bartell","Willie99@hotmail.com","3"
"10","Priscilla","Bayer","Priscilla_Bayer@gmail.com","4"
"11","Mindy","Cummerata","Mindy48@hotmail.com","-2"
"12","Marilyn","Kemmer","Marilyn88@hotmail.com","1"
"13","Norman","Senger","Norman_Senger@gmail.com","3"
"14","Carroll","Ortiz","Carroll.Ortiz@hotmail.com","3"
"15","Courtney","Turner","Courtney_Turner@gmail.com","-1"
"16","Robert","Kassulke","Robert79@hotmail.com","2"
"17","Sean","Wiegand-Swift","Sean70@gmail.com","-2"
"18","Dixie","Mayer","Dixie65@yahoo.com","-4"
"19","Tyrone","Jast","Tyrone.Jast36@hotmail.com","-5"
"20","Conrad","Kerluke","Conrad_Kerluke@yahoo.com","0"
"21","Elmer","Gerhold","Elmer98@yahoo.com","4"
"22","Steven","Walter","Steven48@hotmail.com","-5"
"23","Ellen","Beahan","Ellen_Beahan@gmail.com","1"
"24","Lloyd","Schaden","Lloyd20@gmail.com","5"
"25","Ebony","Carter","Ebony_Carter69@gmail.com","5"
"26","Silvia","Gibson","Silvia6@hotmail.com","2"
"27","Kent","Zboncak","Kent10@gmail.com","3"
"28","June","O'Connell","June.OConnell91@yahoo.com","2"
"29","Stella","Bruen","Stella21@hotmail.com","3"
"30","Sue","Mraz","Sue.Mraz@yahoo.com","5"
"31","Dora","Keeling","Dora_Keeling27@gmail.com","0"
"32","Micheal","Nienow","Micheal_Nienow@gmail.com","5"
"33","Woodrow","Hand","Woodrow.Hand84@hotmail.com","-3"
"34","Vickie","Kohler","Vickie17@hotmail.com","-5"
"35","Bridget","Leffler","Bridget.Leffler@hotmail.com","5"
"36","Tonya","White","Tonya_White24@hotmail.com","3"
"37","Freddie","Ernser","Freddie_Ernser18@hotmail.com","4"
"38","Eileen","Walsh","Eileen.Walsh@gmail.com","-5"
"39","Lora","Kunze","Lora_Kunze78@yahoo.com","-3"
"40","Pamela","Fahey","Pamela8@gmail.com","-4"
"41","Kathy","Walsh","Kathy.Walsh17@hotmail.com","5"
"42","Desiree","Bauch","Desiree46@gmail.com","-2"
"43","Carrie","Herman","Carrie96@gmail.com","0"
"44","Rosie","Volkman-Wolf","Rosie.Volkman-Wolf@yahoo.com","5"
"45","Spencer","Hills","Spencer.Hills80@gmail.com","0"
"46","Dana","O'Keefe","Dana_OKeefe78@gmail.com","-4"
"47","Ashley","Trantow","Ashley13@hotmail.com","0"
"48","Terry","Crona","Terry.Crona10@yahoo.com","-2"
"49","Rochelle","Johnson","Rochelle_Johnson@hotmail.com","1"
"50","Rolando","Considine-Roberts","Rolando.Considine-Roberts79@yahoo.com","4"