"id","firstname","lastname","email","salary","age"
"1","Shawn","Crooks","Shawn_Crooks@hotmail.com","4","42"
"2","Randolph","Connelly","Randolph_Connelly@yahoo.com","3","63"
"3","Alexander","Haag","Alexander34@yahoo.com","2","32"
"4","Lowell","Barrows","Lowell_Barrows48@yahoo.com","-2","21"
"5","Darnell","Lockman","Darnell_Lockman@gmail.com","-2","15"
"6","Winston","Pfannerstill","Winston_Pfannerstill@yahoo.com","-1","44"
"7","Lucy","Greenholt","Lucy.Greenholt88@yahoo.com","-1","61"
"8","Nancy","Kassulke","Nancy_Kassulke@gmail.com","5","63"
"9","Homer","Langworth","Homer_Langworth@yahoo.com","0","55"
"10","Renee","Koepp","Renee90@hotmail.com","-2","30"
"11","Larry","Wisoky","Larry.Wisoky@gmail.com","-2","25"
"12","Christy","Klocko","Christy.Klocko@hotmail.com","-1","18"
"13","Enrique","Kris","Enrique.Kris17@gmail.com","-3","69"
"14","Myra","Shanahan","Myra_Shanahan38@yahoo.com","0","35"
"15","Austin","Prohaska","Austin13@gmail.com","5","69"
"16","Alexander","Kutch","Alexander94@hotmail.com","0","3"
"17","Kevin","Macejkovic","Kevin.Macejkovic8@gmail.com","3","23"
"18","Brad","Homenick","Brad_Homenick8@gmail.com","3","15"
"19","Ken","Christiansen","Ken.Christiansen69@gmail.com","-2","23"
"20","Elsie","Gleichner","Elsie85@yahoo.com","0","54"